{"Colors":{"Border":{"A":0.5,"B":0.4092526435852051,"G":0.09555332362651825,"R":0.017476987093687057},"BorderShadow":{"A":0.0,"B":0.4056939482688904,"G":0.13210056722164154,"R":0.044756267219781876},"Button":{"A":0.4000000059604645,"B":0.7046263217926025,"G":0.14331504702568054,"R":0.10030268877744675},"ButtonActive":{"A":1.0,"B":0.9572953581809998,"G":0.06813490390777588,"R":0.08079167455434799},"ButtonHovered":{"A":1.0,"B":0.9039145708084106,"G":0.15440534055233002,"R":0.16507427394390106},"CheckMark":{"A":1.0,"B":0.6405693888664246,"G":0.08206582069396973,"R":0.11386650800704956},"ChildBg":{"A":0.0,"B":0.30604982376098633,"G":0.025050340220332146,"R":0.04105020686984062},"DockingEmptyBg":{"A":1.0,"B":0.20000000298023224,"G":0.20000000298023224,"R":0.20000000298023224},"DockingPreview":{"A":0.699999988079071,"B":0.41637009382247925,"G":0.0400070995092392,"R":0.053400855511426926},"DragDropTarget":{"A":0.1725490242242813,"B":0.7764706015586853,"G":1.0,"R":0.0},"FrameBg":{"A":0.5400000214576721,"B":0.09252667427062988,"G":0.0,"R":0.001317074871622026},"FrameBgActive":{"A":0.6700000166893005,"B":0.47686833143234253,"G":0.0785832330584526,"R":0.05769935995340347},"FrameBgHovered":{"A":0.4000000059604645,"B":0.33451956510543823,"G":0.038094740360975266,"R":0.0},"Header":{"A":0.3100000023841858,"B":0.7829181551933289,"G":0.03900662064552307,"R":0.0},"HeaderActive":{"A":1.0,"B":0.9039145708084106,"G":0.25854426622390747,"R":0.20909057557582855},"HeaderHovered":{"A":0.800000011920929,"B":0.8434163331985474,"G":0.13043095171451569,"R":0.0930459201335907},"MenuBarBg":{"A":1.0,"B":0.49466192722320557,"G":0.20529213547706604,"R":0.1901191920042038},"ModalWindowDimBg":{"A":0.3499999940395355,"B":0.800000011920929,"G":0.800000011920929,"R":0.800000011920929},"NavHighlight":{"A":1.0,"B":0.9110320210456848,"G":0.1540406197309494,"R":0.03566320985555649},"NavWindowingDimBg":{"A":0.20000000298023224,"B":0.800000011920929,"G":0.800000011920929,"R":0.800000011920929},"NavWindowingHighlight":{"A":0.699999988079071,"B":1.0,"G":1.0,"R":1.0},"PlotHistogram":{"A":1.0,"B":0.0,"G":0.699999988079071,"R":0.8999999761581421},"PlotHistogramHovered":{"A":1.0,"B":0.0,"G":0.6000000238418579,"R":1.0},"PlotLines":{"A":1.0,"B":0.6100000143051147,"G":0.6100000143051147,"R":0.6100000143051147},"PlotLinesHovered":{"A":1.0,"B":0.3499999940395355,"G":0.4300000071525574,"R":1.0},"PopupBg":{"A":0.9399999976158142,"B":0.21352314949035645,"G":0.0015197531320154667,"R":0.0},"ResizeGrip":{"A":0.20000000298023224,"B":1.0,"G":0.09252691268920898,"R":0.0},"ResizeGripActive":{"A":0.949999988079071,"B":0.4804270267486572,"G":0.003419415559619665,"R":0.061135433614254},"ResizeGripHovered":{"A":0.6700000166893005,"B":0.9800000190734863,"G":0.5899999737739563,"R":0.25999999046325684},"ScrollbarBg":{"A":0.5299999713897705,"B":0.2811387777328491,"G":0.0,"R":0.028013844043016434},"ScrollbarGrab":{"A":1.0,"B":0.6014235019683838,"G":0.16635683178901672,"R":0.12199695408344269},"ScrollbarGrabActive":{"A":1.0,"B":0.6797152757644653,"G":0.07810276746749878,"R":0.060472894459962845},"ScrollbarGrabHovered":{"A":1.0,"B":0.7864768505096436,"G":0.2561495304107666,"R":0.21551142632961273},"Separator":{"A":0.5,"B":0.9857650995254517,"G":0.39543694257736206,"R":0.20697557926177979},"SeparatorActive":{"A":1.0,"B":0.75,"G":0.4000000059604645,"R":0.10000000149011612},"SeparatorHovered":{"A":0.7799999713897705,"B":0.75,"G":0.4000000059604645,"R":0.10000000149011612},"SliderGrab":{"A":1.0,"B":0.6690391302108765,"G":0.07142767310142517,"R":0.07993441075086594},"SliderGrabActive":{"A":1.0,"B":0.8576512336730957,"G":0.0,"R":0.06714672595262527},"Tab":{"A":0.8619999885559082,"B":0.6832740306854248,"G":0.07851168513298035,"R":0.06078951060771942},"TabActive":{"A":1.0,"B":0.5622775554656982,"G":0.026012836024165154,"R":0.09089873731136322},"TabHovered":{"A":0.800000011920929,"B":0.9928825497627258,"G":0.08126796036958694,"R":0.09424439072608948},"TabUnfocused":{"A":0.9724000096321106,"B":0.21352314949035645,"G":0.008358553051948547,"R":0.015659812837839127},"TabUnfocusedActive":{"A":1.0,"B":0.38790035247802734,"G":0.0234672874212265,"R":0.036436475813388824},"TableBorderLight":{"A":1.0,"B":0.25,"G":0.23000000417232513,"R":0.23000000417232513},"TableBorderStrong":{"A":1.0,"B":0.3499999940395355,"G":0.3100000023841858,"R":0.3100000023841858},"TableHeaderBg":{"A":1.0,"B":0.20000000298023224,"G":0.1899999976158142,"R":0.1899999976158142},"TableRowBg":{"A":0.0,"B":0.0,"G":0.0,"R":0.0},"TableRowBgAlt":{"A":0.05999999865889549,"B":1.0,"G":1.0,"R":1.0},"Text":{"A":1.0,"B":1.0,"G":0.7549422979354858,"R":0.46619218587875366},"TextDisabled":{"A":1.0,"B":0.5,"G":0.5,"R":0.5},"TextSelectedBg":{"A":0.3499999940395355,"B":0.9501779079437256,"G":0.12849397957324982,"R":0.0},"TitleBg":{"A":1.0,"B":0.24911034107208252,"G":0.0070921811275184155,"R":0.0},"TitleBgActive":{"A":1.0,"B":0.7259786128997803,"G":0.23112227022647858,"R":0.1240105852484703},"TitleBgCollapsed":{"A":0.5099999904632568,"B":0.05693948268890381,"G":0.05693948268890381,"R":0.05693948268890381},"WindowBg":{"A":0.9399999976158142,"B":0.12099641561508179,"G":0.016610825434327126,"R":0.008611844852566719}},"Style":{"ButtonTextAlign":{"X":0.5,"Y":0.5},"CellPadding":{"X":4.0,"Y":2.0},"ChildBorderSize":1.0,"ChildRounding":3.0,"CircleTessellationMaxError":0.30000001192092896,"ColorButtonPosition":1,"ColumnsMinSpacing":6.0,"CurveTessellationTol":1.25,"DisplaySafeAreaPadding":{"X":0.0,"Y":3.0},"DisplayWindowPadding":{"X":19.0,"Y":19.0},"FrameBorderSize":1.0,"FramePadding":{"X":4.0,"Y":3.0},"FrameRounding":4.0,"GrabMinSize":5.0,"GrabRounding":6.0,"IndentSpacing":21.0,"ItemInnerSpacing":{"X":4.0,"Y":4.0},"ItemSpacing":{"X":8.0,"Y":4.0},"LogSliderDeadzone":3.0,"PopupBorderSize":1.0,"PopupRounding":12.0,"ScrollbarRounding":9.0,"ScrollbarSize":9.0,"SelectableTextAlign":{"X":0.0,"Y":0.0},"TabBorderSize":1.0,"TabMinWidthForCloseButton":0.0,"TabRounding":2.0,"TouchExtraPadding":{"X":0.0,"Y":0.0},"WindowBorderSize":1.0,"WindowMenuButtonPosition":-1,"WindowMinSize":{"X":32.0,"Y":32.0},"WindowPadding":{"X":8.0,"Y":8.0},"WindowRounding":4.0,"WindowTitleAlign":{"X":0.5,"Y":0.5}}}