{"Colors":{"Border":{"A":0.5,"B":0.0,"G":0.4911031723022461,"R":1.0},"BorderShadow":{"A":0.0,"B":0.0,"G":0.0,"R":0.0},"Button":{"A":0.4000000059604645,"B":0.8954447507858276,"G":0.9800000190734863,"R":0.25999999046325684},"ButtonActive":{"A":1.0,"B":0.7402135133743286,"G":0.6848950982093811,"R":0.0},"ButtonHovered":{"A":1.0,"B":0.3382936120033264,"G":0.4483985900878906,"R":0.0},"CheckMark":{"A":1.0,"B":0.0,"G":0.68327397108078,"R":1.0},"ChildBg":{"A":0.0,"B":0.3665480613708496,"G":0.3626347482204437,"R":0.0},"DockingEmptyBg":{"A":1.0,"B":0.20000000298023224,"G":0.20000000298023224,"R":0.20000000298023224},"DockingPreview":{"A":0.699999988079071,"B":0.3825685977935791,"G":0.4555160403251648,"R":0.0},"DragDropTarget":{"A":0.8999999761581421,"B":0.0,"G":1.0,"R":1.0},"FrameBg":{"A":0.5400000214576721,"B":0.32793399691581726,"G":0.3807829022407532,"R":0.0},"FrameBgActive":{"A":0.6700000166893005,"B":0.0,"G":0.5338078141212463,"R":1.0},"FrameBgHovered":{"A":0.4000000059604645,"B":1.0,"G":1.0,"R":1.0},"Header":{"A":0.3100000023841858,"B":0.4087236523628235,"G":0.49800795316696167,"R":0.0},"HeaderActive":{"A":1.0,"B":0.3904382586479187,"G":0.3391057848930359,"R":0.0},"HeaderHovered":{"A":0.800000011920929,"B":0.30796337127685547,"G":0.35458165407180786,"R":0.0},"MenuBarBg":{"A":1.0,"B":0.14000000059604645,"G":0.14000000059604645,"R":0.14000000059604645},"ModalWindowDimBg":{"A":0.3499999940395355,"B":0.800000011920929,"G":0.800000011920929,"R":0.800000011920929},"NavHighlight":{"A":1.0,"B":0.5103784203529358,"G":0.5516014099121094,"R":0.0},"NavWindowingDimBg":{"A":0.20000000298023224,"B":0.800000011920929,"G":0.800000011920929,"R":0.800000011920929},"NavWindowingHighlight":{"A":0.699999988079071,"B":1.0,"G":1.0,"R":1.0},"PlotHistogram":{"A":1.0,"B":0.0,"G":0.699999988079071,"R":0.8999999761581421},"PlotHistogramHovered":{"A":1.0,"B":0.0,"G":0.6000000238418579,"R":1.0},"PlotLines":{"A":1.0,"B":0.6100000143051147,"G":0.6100000143051147,"R":0.6100000143051147},"PlotLinesHovered":{"A":1.0,"B":0.3499999940395355,"G":0.4300000071525574,"R":1.0},"PopupBg":{"A":0.9399999976158142,"B":0.07999999821186066,"G":0.07999999821186066,"R":0.07999999821186066},"ResizeGrip":{"A":0.20000000298023224,"B":0.6939501762390137,"G":0.597636878490448,"R":0.0},"ResizeGripActive":{"A":0.949999988079071,"B":0.48846888542175293,"G":0.5160142183303833,"R":0.0},"ResizeGripHovered":{"A":0.6700000166893005,"B":0.4672941565513611,"G":0.5099601745605469,"R":0.0},"ScrollbarBg":{"A":0.5299999713897705,"B":0.019999999552965164,"G":0.019999999552965164,"R":0.019999999552965164},"ScrollbarGrab":{"A":1.0,"B":0.3100000023841858,"G":0.3100000023841858,"R":0.3100000023841858},"ScrollbarGrabActive":{"A":1.0,"B":0.5099999904632568,"G":0.5099999904632568,"R":0.5099999904632568},"ScrollbarGrabHovered":{"A":1.0,"B":0.4099999964237213,"G":0.4099999964237213,"R":0.4099999964237213},"Separator":{"A":0.5,"B":0.5,"G":0.4300000071525574,"R":0.4300000071525574},"SeparatorActive":{"A":1.0,"B":0.6868327260017395,"G":0.6208381652832031,"R":0.0},"SeparatorHovered":{"A":0.7799999713897705,"B":0.75,"G":0.4000000059604645,"R":0.10000000149011612},"SliderGrab":{"A":1.0,"B":0.0,"G":0.6619216799736023,"R":1.0},"SliderGrabActive":{"A":1.0,"B":0.0,"G":0.7259786128997803,"R":1.0},"Tab":{"A":0.8619999885559082,"B":0.5501067042350769,"G":0.5800000429153442,"R":0.18000000715255737},"TabActive":{"A":1.0,"B":0.3943212330341339,"G":0.3985764980316162,"R":0.0},"TabHovered":{"A":0.800000011920929,"B":0.4519572854042053,"G":0.4374817907810211,"R":0.0},"TabUnfocused":{"A":0.9724000096321106,"B":0.14800003170967102,"G":0.10199998319149017,"R":0.06800000369548798},"TabUnfocusedActive":{"A":1.0,"B":0.32811129093170166,"G":0.36298930644989014,"R":0.0},"TableBorderLight":{"A":1.0,"B":0.25,"G":0.23000000417232513,"R":0.23000000417232513},"TableBorderStrong":{"A":1.0,"B":0.3499999940395355,"G":0.3100000023841858,"R":0.3100000023841858},"TableHeaderBg":{"A":1.0,"B":0.20000000298023224,"G":0.1899999976158142,"R":0.1899999976158142},"TableRowBg":{"A":0.0,"B":0.0,"G":0.0,"R":0.0},"TableRowBgAlt":{"A":0.05999999865889549,"B":1.0,"G":1.0,"R":1.0},"Text":{"A":1.0,"B":0.7621483206748962,"G":0.9074733257293701,"R":0.0},"TextDisabled":{"A":1.0,"B":0.5,"G":0.5,"R":0.5},"TextSelectedBg":{"A":0.3499999940395355,"B":0.5221564173698425,"G":0.5516014099121094,"R":0.0},"TitleBg":{"A":1.0,"B":0.0,"G":0.5978647470474243,"R":1.0},"TitleBgActive":{"A":1.0,"B":0.0,"G":0.68327397108078,"R":1.0},"TitleBgCollapsed":{"A":0.5099999904632568,"B":0.0,"G":0.0,"R":0.0},"WindowBg":{"A":0.9399999976158142,"B":0.17955699563026428,"G":0.18149465322494507,"R":0.0}},"Style":{"ButtonTextAlign":{"X":0.5099999904632568,"Y":0.49000000953674316},"CellPadding":{"X":7.0,"Y":2.0},"ChildBorderSize":0.0,"ChildRounding":12.0,"CircleTessellationMaxError":0.30000001192092896,"ColorButtonPosition":1,"ColumnsMinSpacing":6.0,"CurveTessellationTol":1.25,"DisplaySafeAreaPadding":{"X":3.0,"Y":3.0},"DisplayWindowPadding":{"X":19.0,"Y":19.0},"FrameBorderSize":0.0,"FramePadding":{"X":3.0,"Y":2.0},"FrameRounding":6.0,"GrabMinSize":8.0,"GrabRounding":5.0,"IndentSpacing":21.0,"ItemInnerSpacing":{"X":10.0,"Y":5.0},"ItemSpacing":{"X":9.0,"Y":4.0},"LogSliderDeadzone":4.0,"PopupBorderSize":1.0,"PopupRounding":0.0,"ScrollbarRounding":8.0,"ScrollbarSize":14.0,"SelectableTextAlign":{"X":0.0,"Y":0.0},"TabBorderSize":0.0,"TabMinWidthForCloseButton":0.0,"TabRounding":4.0,"TouchExtraPadding":{"X":0.0,"Y":0.0},"WindowBorderSize":1.0,"WindowMenuButtonPosition":0,"WindowMinSize":{"X":32.0,"Y":32.0},"WindowPadding":{"X":7.0,"Y":9.0},"WindowRounding":6.0,"WindowTitleAlign":{"X":0.0,"Y":1.0}}}