{"Colors":{"Border":{"A":0.5,"B":0.5,"G":0.4300000071525574,"R":0.4300000071525574},"BorderShadow":{"A":0.0,"B":0.0,"G":0.0,"R":0.0},"Button":{"A":0.4000000059604645,"B":0.2199999988079071,"G":0.2199999988079071,"R":0.2199999988079071},"ButtonActive":{"A":1.0,"B":0.12999999523162842,"G":0.12999999523162842,"R":0.12999999523162842},"ButtonHovered":{"A":1.0,"B":0.28999999165534973,"G":0.28999999165534973,"R":0.28999999165534973},"CheckMark":{"A":1.0,"B":0.6100000143051147,"G":0.6100000143051147,"R":0.6100000143051147},"ChildBg":{"A":0.0,"B":0.0,"G":0.0,"R":0.0},"DockingEmptyBg":{"A":1.0,"B":0.20000000298023224,"G":0.20000000298023224,"R":0.20000000298023224},"DockingPreview":{"A":0.699999988079071,"B":0.5099999904632568,"G":0.5099999904632568,"R":0.5099999904632568},"DragDropTarget":{"A":0.8999999761581421,"B":0.0,"G":1.0,"R":1.0},"FrameBg":{"A":1.0,"B":0.3167259693145752,"G":0.3167259693145752,"R":0.3167259693145752},"FrameBgActive":{"A":171.0,"B":0.10000000149011612,"G":0.10000000149011612,"R":0.10000000149011612},"FrameBgHovered":{"A":102.0,"B":0.36000001430511475,"G":0.36000001430511475,"R":0.3700000047683716},"Header":{"A":0.3100000023841858,"B":0.44999998807907104,"G":0.44999998807907104,"R":0.44999998807907104},"HeaderActive":{"A":1.0,"B":0.09000000357627869,"G":0.09000000357627869,"R":0.09000000357627869},"HeaderHovered":{"A":0.800000011920929,"B":0.550000011920929,"G":0.550000011920929,"R":0.550000011920929},"MenuBarBg":{"A":1.0,"B":0.18731333315372467,"G":0.47330963611602783,"R":0.09600944072008133},"ModalWindowDimBg":{"A":0.3499999940395355,"B":0.800000011920929,"G":0.800000011920929,"R":0.800000011920929},"NavHighlight":{"A":1.0,"B":0.12999999523162842,"G":0.4000000059604645,"R":1.0},"NavWindowingDimBg":{"A":0.20000000298023224,"B":0.800000011920929,"G":0.800000011920929,"R":0.800000011920929},"NavWindowingHighlight":{"A":0.699999988079071,"B":1.0,"G":1.0,"R":1.0},"PlotHistogram":{"A":1.0,"B":0.0,"G":0.699999988079071,"R":0.8999999761581421},"PlotHistogramHovered":{"A":1.0,"B":0.0,"G":0.6000000238418579,"R":1.0},"PlotLines":{"A":1.0,"B":0.6100000143051147,"G":0.6100000143051147,"R":0.6100000143051147},"PlotLinesHovered":{"A":1.0,"B":0.3499999940395355,"G":0.4300000071525574,"R":1.0},"PopupBg":{"A":0.9399999976158142,"B":0.9145907163619995,"G":0.4491584599018097,"R":0.883120059967041},"ResizeGrip":{"A":0.20000000298023224,"B":1.0,"G":1.0,"R":1.0},"ResizeGripActive":{"A":0.949999988079071,"B":0.17000000178813934,"G":0.17000000178813934,"R":0.17000000178813934},"ResizeGripHovered":{"A":0.6700000166893005,"B":0.46000000834465027,"G":0.46000000834465027,"R":0.46000000834465027},"ScrollbarBg":{"A":0.5299999713897705,"B":0.019999999552965164,"G":0.019999999552965164,"R":0.019999999552965164},"ScrollbarGrab":{"A":1.0,"B":0.3100000023841858,"G":0.3100000023841858,"R":0.3100000023841858},"ScrollbarGrabActive":{"A":1.0,"B":0.5099999904632568,"G":0.5099999904632568,"R":0.5099999904632568},"ScrollbarGrabHovered":{"A":1.0,"B":0.4099999964237213,"G":0.4099999964237213,"R":0.4099999964237213},"Separator":{"A":0.5,"B":0.5,"G":0.4300000071525574,"R":0.4300000071525574},"SeparatorActive":{"A":1.0,"B":0.41999998688697815,"G":0.41999998688697815,"R":0.41999998688697815},"SeparatorHovered":{"A":0.7799999713897705,"B":0.5,"G":0.5,"R":0.5},"SliderGrab":{"A":1.0,"B":0.6399999856948853,"G":0.6399999856948853,"R":0.6399999856948853},"SliderGrabActive":{"A":1.0,"B":0.3100000023841858,"G":0.3100000023841858,"R":0.3100000023841858},"Tab":{"A":0.8600000143051147,"B":0.20999999344348907,"G":0.20999999344348907,"R":0.20999999344348907},"TabActive":{"A":1.0,"B":0.2800000011920929,"G":0.2800000011920929,"R":0.2800000011920929},"TabHovered":{"A":0.800000011920929,"B":0.44999998807907104,"G":0.44999998807907104,"R":0.44999998807907104},"TabUnfocused":{"A":0.9700000286102295,"B":0.15000000596046448,"G":0.15000000596046448,"R":0.15000000596046448},"TabUnfocusedActive":{"A":1.0,"B":0.1899999976158142,"G":0.1899999976158142,"R":0.1899999976158142},"TableBorderLight":{"A":1.0,"B":0.25,"G":0.23000000417232513,"R":0.23000000417232513},"TableBorderStrong":{"A":1.0,"B":0.3499999940395355,"G":0.3100000023841858,"R":0.3100000023841858},"TableHeaderBg":{"A":1.0,"B":0.20000000298023224,"G":0.1899999976158142,"R":0.1899999976158142},"TableRowBg":{"A":0.0,"B":0.0,"G":0.0,"R":0.0},"TableRowBgAlt":{"A":0.05999999865889549,"B":1.0,"G":1.0,"R":1.0},"Text":{"A":1.0,"B":0.14946621656417847,"G":0.9485442638397217,"R":1.0},"TextDisabled":{"A":1.0,"B":0.24199289083480835,"G":0.24199289083480835,"R":0.24199289083480835},"TextSelectedBg":{"A":0.3499999940395355,"B":0.8500000238418579,"G":1.0,"R":0.44999998807907104},"TitleBg":{"A":1.0,"B":0.03999999910593033,"G":0.03999999910593033,"R":0.03999999910593033},"TitleBgActive":{"A":255.0,"B":0.20000000298023224,"G":0.20000000298023224,"R":0.20000000298023224},"TitleBgCollapsed":{"A":0.5099999904632568,"B":0.0,"G":0.0,"R":0.0},"WindowBg":{"A":0.9399999976158142,"B":0.5266903638839722,"G":0.4182719588279724,"R":0.04310988634824753}},"Style":{"ButtonTextAlign":{"X":0.5,"Y":0.5},"CellPadding":{"X":4.0,"Y":2.0},"ChildBorderSize":1.0,"ChildRounding":4.0,"CircleTessellationMaxError":0.30000001192092896,"ColorButtonPosition":1,"ColumnsMinSpacing":6.0,"CurveTessellationTol":1.25,"DisplaySafeAreaPadding":{"X":3.0,"Y":3.0},"DisplayWindowPadding":{"X":19.0,"Y":19.0},"FrameBorderSize":0.0,"FramePadding":{"X":4.0,"Y":3.0},"FrameRounding":4.0,"GrabMinSize":12.0,"GrabRounding":3.0,"IndentSpacing":21.0,"ItemInnerSpacing":{"X":4.0,"Y":4.0},"ItemSpacing":{"X":8.0,"Y":4.0},"LogSliderDeadzone":4.0,"PopupBorderSize":1.0,"PopupRounding":0.0,"ScrollbarRounding":0.0,"ScrollbarSize":7.0,"SelectableTextAlign":{"X":0.0,"Y":0.0},"TabBorderSize":0.0,"TabMinWidthForCloseButton":0.0,"TabRounding":4.0,"TouchExtraPadding":{"X":0.0,"Y":0.0},"WindowBorderSize":1.0,"WindowMenuButtonPosition":0,"WindowMinSize":{"X":32.0,"Y":32.0},"WindowPadding":{"X":8.0,"Y":8.0},"WindowRounding":4.0,"WindowTitleAlign":{"X":0.0,"Y":0.5}}}